Dipeptide,L3_disordered_Alveolata,L3_disordered_Filasterea,L3_disordered_Fungi,L3_disordered_Metazoa,L3_disordered_Rhizaria,L3_disordered_Streptophyta,L3_disordered_Tubulinea,L3_structured_Alveolata,L3_structured_Filasterea,L3_structured_Fungi,L3_structured_Metazoa,L3_structured_Rhizaria,L3_structured_Streptophyta,L3_structured_Tubulinea
AA,0.003393665158371041,0.0,0.0,0.0012145748987854252,0.020134228187919462,0.0034296913277804997,0.008403361344537815,0.0024621878297572987,0.0,0.0017913121361397223,0.005798090040927694,0.002242152466367713,0.006821627084386054,0.0045871559633027525
AC,0.0003770739064856712,0.0,0.0,0.0004048582995951417,0.0,0.0,0.0,0.0,0.0,0.0013434841021047917,0.0,0.0,0.0005053057099545225,0.0045871559633027525
AD,0.0011312217194570137,0.0,0.0034522439585730723,0.0032388663967611335,0.006711409395973154,0.002449779519843214,0.01680672268907563,0.005979599015124868,0.0,0.003134796238244514,0.004433833560709414,0.006726457399103139,0.0025265285497726125,0.0
AE,0.004901960784313725,0.0,0.0023014959723820483,0.0020242914979757085,0.0,0.007839294463498285,0.0,0.010903974674639466,0.004672897196261682,0.005373936408419167,0.007162346521145975,0.008968609865470852,0.012632642748863061,0.0
AF,0.0003770739064856712,0.0,0.0,0.0,0.0,0.0,0.0,0.0014069644741470278,0.0,0.0049261083743842365,0.0030695770804911324,0.011210762331838564,0.0017685699848408287,0.0045871559633027525
AG,0.003393665158371041,0.0,0.0023014959723820483,0.0004048582995951417,0.0,0.0014698677119059284,0.0,0.0031656700668308124,0.0,0.0044782803403493054,0.003751705320600273,0.002242152466367713,0.0027791814047498737,0.0045871559633027525
AH,0.0015082956259426848,0.0,0.0,0.0,0.006711409395973154,0.0014698677119059284,0.0,0.0017587055926837848,0.009345794392523364,0.004030452306314375,0.0006821282401091405,0.0,0.00202122283981809,0.0
AI,0.0011312217194570137,0.0,0.0,0.0012145748987854252,0.006711409395973154,0.0,0.0,0.00035174111853675694,0.004672897196261682,0.0022391401701746527,0.0006821282401091405,0.002242152466367713,0.0007579585649317837,0.0
AK,0.006787330316742082,0.010101010101010102,0.0011507479861910242,0.0032388663967611335,0.0,0.008329250367466928,0.0,0.005979599015124868,0.004672897196261682,0.0035826242722794446,0.006480218281036835,0.002242152466367713,0.0012632642748863063,0.0
AL,0.004147812971342383,0.010101010101010102,0.004602991944764097,0.0012145748987854252,0.006711409395973154,0.0,0.008403361344537815,0.004220893422441084,0.018691588785046728,0.0026869682042095834,0.006139154160982265,0.004484304932735426,0.017180394138453764,0.009174311926605505
AM,0.0003770739064856712,0.0,0.0,0.0004048582995951417,0.0,0.0,0.0,0.0038691523039043265,0.0,0.0026869682042095834,0.0017053206002728514,0.004484304932735426,0.0015159171298635675,0.0
AN,0.0011312217194570137,0.0,0.0011507479861910242,0.0012145748987854252,0.006711409395973154,0.0009799118079372856,0.0,0.002110446711220542,0.009345794392523364,0.0017913121361397223,0.001364256480218281,0.0,0.004295098534613441,0.0
AP,0.0026395173453996985,0.0,0.0023014959723820483,0.0020242914979757085,0.006711409395973154,0.0,0.0,0.00035174111853675694,0.0,0.0013434841021047917,0.0023874488403819918,0.004484304932735426,0.0022738756947953513,0.0
AQ,0.001885369532428356,0.0,0.0011507479861910242,0.0004048582995951417,0.0,0.0009799118079372856,0.0,0.0017587055926837848,0.02336448598130841,0.0017913121361397223,0.011255115961800819,0.0,0.011622031328954016,0.0045871559633027525
AR,0.0026395173453996985,0.0,0.0034522439585730723,0.0024291497975708503,0.006711409395973154,0.011758941695247428,0.0,0.0045726345409778405,0.004672897196261682,0.0013434841021047917,0.004433833560709414,0.004484304932735426,0.004547751389590703,0.009174311926605505
AS,0.004147812971342383,0.0,0.0,0.0012145748987854252,0.013422818791946308,0.0,0.008403361344537815,0.0024621878297572987,0.004672897196261682,0.003134796238244514,0.002728512960436562,0.002242152466367713,0.001010611419909045,0.009174311926605505
AT,0.001885369532428356,0.0,0.0,0.006072874493927126,0.0,0.0004899559039686428,0.0,0.0045726345409778405,0.0,0.0008956560680698612,0.0020463847203274215,0.0,0.0007579585649317837,0.0
AV,0.0003770739064856712,0.0,0.0,0.0016194331983805667,0.0,0.0004899559039686428,0.0,0.0024621878297572987,0.0,0.0013434841021047917,0.001364256480218281,0.004484304932735426,0.001010611419909045,0.0
AW,0.0,0.0,0.0,0.0,0.0,0.0,0.0,0.001055223355610271,0.0,0.0,0.00034106412005457026,0.0,0.00025265285497726126,0.0
AY,0.0022624434389140274,0.0,0.0011507479861910242,0.0004048582995951417,0.0,0.0,0.0,0.00035174111853675694,0.004672897196261682,0.0013434841021047917,0.0,0.0,0.0022738756947953513,0.0
CA,0.0,0.0,0.0,0.0,0.0,0.0,0.0,0.0017587055926837848,0.004672897196261682,0.0,0.00034106412005457026,0.002242152466367713,0.0015159171298635675,0.0
CC,0.0,0.0,0.0,0.0,0.0,0.0,0.0,0.00035174111853675694,0.0,0.0,0.0,0.0,0.0,0.0
CD,0.0007541478129713424,0.0,0.0,0.0008097165991902834,0.0,0.0,0.0,0.002110446711220542,0.0,0.0035826242722794446,0.004092769440654843,0.002242152466367713,0.0007579585649317837,0.0045871559633027525
CE,0.0015082956259426848,0.0,0.0,0.0,0.0,0.0,0.0,0.0038691523039043265,0.0,0.0022391401701746527,0.006139154160982265,0.004484304932735426,0.009095502779181405,0.0045871559633027525
CF,0.0,0.0,0.0,0.0,0.0,0.0,0.0,0.0,0.0,0.0,0.0010231923601637107,0.0,0.0005053057099545225,0.0
CG,0.0007541478129713424,0.0,0.0,0.0,0.0,0.0,0.0,0.005276116778051354,0.009345794392523364,0.0049261083743842365,0.0068212824010914054,0.008968609865470852,0.006316321374431531,0.009174311926605505
CH,0.0,0.0,0.0,0.0,0.0,0.0,0.0,0.0,0.0,0.0,0.0,0.0,0.0,0.0
CI,0.0,0.0,0.0,0.0004048582995951417,0.0,0.0,0.0,0.00035174111853675694,0.0,0.0,0.0,0.0,0.0007579585649317837,0.0
CK,0.0,0.0,0.0,0.0,0.0,0.0004899559039686428,0.0,0.005979599015124868,0.004672897196261682,0.004030452306314375,0.0034106412005457027,0.006726457399103139,0.0,0.0045871559633027525
CL,0.0011312217194570137,0.0,0.0,0.0004048582995951417,0.0,0.0,0.0,0.00035174111853675694,0.0,0.0,0.0006821282401091405,0.0,0.00025265285497726126,0.0
CM,0.0,0.0,0.0,0.0,0.0,0.0,0.0,0.0,0.0,0.0,0.0006821282401091405,0.0,0.0,0.0045871559633027525
CN,0.0,0.0,0.0,0.0,0.0,0.0,0.0,0.001055223355610271,0.0,0.0013434841021047917,0.0010231923601637107,0.0,0.00025265285497726126,0.0045871559633027525
CP,0.0007541478129713424,0.0,0.0,0.0004048582995951417,0.0,0.0,0.0,0.006331340133661625,0.004672897196261682,0.0049261083743842365,0.005115961800818554,0.004484304932735426,0.007074279939363315,0.0045871559633027525
CQ,0.0,0.0,0.0,0.0004048582995951417,0.0,0.0,0.0,0.0014069644741470278,0.004672897196261682,0.0004478280340349306,0.001364256480218281,0.0,0.0005053057099545225,0.0
CR,0.0011312217194570137,0.0,0.0,0.0,0.0,0.0019598236158745713,0.0,0.0007034822370735139,0.0,0.0004478280340349306,0.0010231923601637107,0.0,0.001010611419909045,0.0
CS,0.0,0.0,0.0,0.0016194331983805667,0.0,0.0004899559039686428,0.0,0.00035174111853675694,0.0,0.0008956560680698612,0.0010231923601637107,0.0,0.0005053057099545225,0.0
CT,0.0,0.0,0.0,0.0,0.0,0.0,0.0,0.0,0.0,0.0017913121361397223,0.0010231923601637107,0.002242152466367713,0.00025265285497726126,0.0
CV,0.0,0.0,0.0,0.0,0.0,0.0,0.0,0.00035174111853675694,0.0,0.0,0.00034106412005457026,0.0,0.0,0.0
CW,0.0,0.0,0.0,0.0,0.0,0.0,0.0,0.0,0.0,0.0,0.0,0.0,0.0,0.0
CY,0.0,0.0,0.0,0.0,0.0,0.0,0.0,0.0,0.0,0.0,0.0,0.0,0.0007579585649317837,0.0
DA,0.0022624434389140274,0.0,0.004602991944764097,0.002834008097165992,0.006711409395973154,0.0009799118079372856,0.0,0.0045726345409778405,0.009345794392523364,0.006269592476489028,0.0068212824010914054,0.006726457399103139,0.009095502779181405,0.009174311926605505
DC,0.0003770739064856712,0.0,0.0,0.0004048582995951417,0.0,0.0004899559039686428,0.0,0.00035174111853675694,0.0,0.0004478280340349306,0.0,0.0,0.0,0.0
DD,0.00980392156862745,0.050505050505050504,0.014959723820483314,0.007692307692307693,0.0,0.002449779519843214,0.008403361344537815,0.0035174111853675696,0.014018691588785047,0.009852216748768473,0.006139154160982265,0.011210762331838564,0.00404244567963618,0.0045871559633027525
DE,0.007164404223227752,0.0,0.0011507479861910242,0.004048582995951417,0.0,0.002449779519843214,0.008403361344537815,0.005627857896588111,0.014018691588785047,0.006269592476489028,0.011596180081855388,0.008968609865470852,0.01010611419909045,0.013761467889908258
DF,0.0011312217194570137,0.0,0.0023014959723820483,0.0004048582995951417,0.0,0.007839294463498285,0.0,0.004924375659514597,0.0,0.0044782803403493054,0.0030695770804911324,0.004484304932735426,0.00025265285497726126,0.0045871559633027525
DG,0.004524886877828055,0.0,0.006904487917146145,0.0032388663967611335,0.0,0.005389514943655071,0.008403361344537815,0.002110446711220542,0.004672897196261682,0.0008956560680698612,0.0017053206002728514,0.0,0.00025265285497726126,0.0045871559633027525
DH,0.0015082956259426848,0.0,0.009205983889528193,0.002834008097165992,0.0,0.0019598236158745713,0.008403361344537815,0.0017587055926837848,0.0,0.0017913121361397223,0.004092769440654843,0.004484304932735426,0.00025265285497726126,0.0
DI,0.0011312217194570137,0.0,0.0,0.0020242914979757085,0.0,0.0014698677119059284,0.0,0.005979599015124868,0.004672897196261682,0.0022391401701746527,0.0030695770804911324,0.006726457399103139,0.0007579585649317837,0.0
DK,0.007918552036199095,0.0,0.0011507479861910242,0.010121457489878543,0.006711409395973154,0.006369426751592357,0.008403361344537815,0.004220893422441084,0.009345794392523364,0.010300044782803403,0.0030695770804911324,0.004484304932735426,0.0055583628094997475,0.009174311926605505
DL,0.0011312217194570137,0.010101010101010102,0.0,0.004048582995951417,0.0,0.002449779519843214,0.008403361344537815,0.010552233556102708,0.014018691588785047,0.011643528884908196,0.007503410641200546,0.011210762331838564,0.014653865588681153,0.01834862385321101
DM,0.0003770739064856712,0.010101010101010102,0.0011507479861910242,0.0008097165991902834,0.0,0.0,0.0,0.0014069644741470278,0.0,0.0008956560680698612,0.0006821282401091405,0.004484304932735426,0.0005053057099545225,0.0045871559633027525
DN,0.0026395173453996985,0.0,0.005753739930955121,0.0012145748987854252,0.0,0.0004899559039686428,0.008403361344537815,0.002110446711220542,0.004672897196261682,0.003134796238244514,0.00034106412005457026,0.002242152466367713,0.0005053057099545225,0.0
DP,0.0015082956259426848,0.0,0.0011507479861910242,0.0020242914979757085,0.0,0.0014698677119059284,0.0,0.0024621878297572987,0.0,0.0008956560680698612,0.003751705320600273,0.004484304932735426,0.004295098534613441,0.0045871559633027525
DQ,0.001885369532428356,0.0,0.0011507479861910242,0.0,0.0,0.0014698677119059284,0.0,0.0031656700668308124,0.0,0.0013434841021047917,0.004092769440654843,0.01569506726457399,0.0012632642748863063,0.0045871559633027525
DR,0.032805429864253395,0.13131313131313133,0.05868814729574223,0.03724696356275304,0.020134228187919462,0.049485546300832926,0.05042016806722689,0.005979599015124868,0.004672897196261682,0.00761307657859382,0.0068212824010914054,0.013452914798206279,0.007074279939363315,0.0045871559633027525
DS,0.004147812971342383,0.0,0.006904487917146145,0.005263157894736842,0.013422818791946308,0.004409603135717786,0.0,0.006331340133661625,0.0,0.0044782803403493054,0.0017053206002728514,0.0,0.0027791814047498737,0.0
DT,0.0011312217194570137,0.0,0.004602991944764097,0.004858299595141701,0.0,0.0004899559039686428,0.0,0.0017587055926837848,0.0,0.004030452306314375,0.0017053206002728514,0.0,0.001010611419909045,0.009174311926605505
DV,0.0011312217194570137,0.0,0.0011507479861910242,0.0020242914979757085,0.006711409395973154,0.0,0.0,0.0031656700668308124,0.004672897196261682,0.005821764442454098,0.004433833560709414,0.006726457399103139,0.0027791814047498737,0.0045871559633027525
DW,0.0015082956259426848,0.0,0.0034522439585730723,0.0004048582995951417,0.0,0.005389514943655071,0.0,0.0,0.0,0.0,0.0,0.0,0.0,0.0
DY,0.003393665158371041,0.0,0.018411967779056387,0.0012145748987854252,0.006711409395973154,0.002449779519843214,0.008403361344537815,0.0028139289482940555,0.0,0.005373936408419167,0.0006821282401091405,0.0,0.0007579585649317837,0.0
EA,0.007164404223227752,0.0,0.004602991944764097,0.004453441295546558,0.0,0.005389514943655071,0.008403361344537815,0.007738304607808653,0.014018691588785047,0.009404388714733543,0.008526603001364257,0.008968609865470852,0.01414855987872663,0.0045871559633027525
EC,0.0,0.0,0.0,0.0004048582995951417,0.0,0.0,0.0,0.001055223355610271,0.0,0.0,0.0006821282401091405,0.002242152466367713,0.0007579585649317837,0.0
ED,0.004901960784313725,0.0,0.0034522439585730723,0.0072874493927125505,0.0,0.0014698677119059284,0.008403361344537815,0.005276116778051354,0.004672897196261682,0.0022391401701746527,0.005457025920873124,0.004484304932735426,0.0017685699848408287,0.0045871559633027525
EE,0.014705882352941176,0.0,0.0023014959723820483,0.023076923076923078,0.0,0.018128368446839783,0.0,0.011959198030249736,0.004672897196261682,0.0161218092252575,0.016030013642564803,0.006726457399103139,0.010864072764022233,0.009174311926605505
EF,0.0003770739064856712,0.0,0.0,0.0004048582995951417,0.0,0.002449779519843214,0.0,0.0024621878297572987,0.0,0.0004478280340349306,0.002728512960436562,0.002242152466367713,0.00025265285497726126,0.0
EG,0.005656108597285068,0.010101010101010102,0.0,0.005263157894736842,0.0,0.0039196472317491425,0.01680672268907563,0.0028139289482940555,0.0,0.006269592476489028,0.0034106412005457027,0.002242152466367713,0.00025265285497726126,0.0
EH,0.004901960784313725,0.0,0.0034522439585730723,0.0020242914979757085,0.0,0.004409603135717786,0.0,0.0028139289482940555,0.0,0.0017913121361397223,0.0010231923601637107,0.002242152466367713,0.00025265285497726126,0.0
EI,0.003393665158371041,0.0,0.0,0.0024291497975708503,0.0,0.0004899559039686428,0.0,0.007386563489271896,0.0,0.0017913121361397223,0.0017053206002728514,0.002242152466367713,0.005305709954522486,0.0
EK,0.01809954751131222,0.0,0.0023014959723820483,0.01902834008097166,0.006711409395973154,0.020578147966683,0.0,0.01723531480830109,0.0,0.013882669055082848,0.011937244201909959,0.008968609865470852,0.021980798383021728,0.013761467889908258
EL,0.005279034690799397,0.0,0.0,0.0036437246963562753,0.006711409395973154,0.0009799118079372856,0.0,0.007386563489271896,0.018691588785046728,0.010300044782803403,0.01296043656207367,0.004484304932735426,0.011874684183931278,0.01834862385321101
EM,0.0011312217194570137,0.0,0.0034522439585730723,0.0008097165991902834,0.0,0.0004899559039686428,0.0,0.004924375659514597,0.0,0.0022391401701746527,0.001364256480218281,0.002242152466367713,0.0005053057099545225,0.0045871559633027525
EN,0.004147812971342383,0.0,0.0023014959723820483,0.002834008097165992,0.0,0.002939735423811857,0.008403361344537815,0.008441786844882167,0.0,0.0022391401701746527,0.004092769440654843,0.0,0.001010611419909045,0.0
EP,0.0007541478129713424,0.0,0.0034522439585730723,0.0020242914979757085,0.006711409395973154,0.0,0.0,0.002110446711220542,0.0,0.0017913121361397223,0.00034106412005457026,0.002242152466367713,0.0015159171298635675,0.0
EQ,0.0026395173453996985,0.0,0.0023014959723820483,0.0020242914979757085,0.0,0.002449779519843214,0.0,0.004924375659514597,0.004672897196261682,0.0026869682042095834,0.008185538881309686,0.0,0.007074279939363315,0.009174311926605505
ER,0.02865761689291101,0.0,0.023014959723820484,0.04251012145748988,0.0,0.037726604605585495,0.10084033613445378,0.004924375659514597,0.03271028037383177,0.009852216748768473,0.010572987721691678,0.004484304932735426,0.01212733703890854,0.009174311926605505
ES,0.004147812971342383,0.0,0.004602991944764097,0.005263157894736842,0.013422818791946308,0.005879470847623714,0.008403361344537815,0.006683081252198382,0.0,0.0035826242722794446,0.005457025920873124,0.01569506726457399,0.0055583628094997475,0.009174311926605505
ET,0.00641025641025641,0.0,0.0023014959723820483,0.002834008097165992,0.0,0.0019598236158745713,0.0,0.005627857896588111,0.004672897196261682,0.0013434841021047917,0.001364256480218281,0.002242152466367713,0.003031834259727135,0.0045871559633027525
EV,0.0015082956259426848,0.0,0.0,0.0032388663967611335,0.006711409395973154,0.0019598236158745713,0.0,0.0045726345409778405,0.004672897196261682,0.008956560680698611,0.008867667121418827,0.004484304932735426,0.008842849924204144,0.013761467889908258
EW,0.0003770739064856712,0.0,0.004602991944764097,0.0,0.0,0.0039196472317491425,0.0,0.0,0.004672897196261682,0.0,0.0,0.0,0.0,0.0
EY,0.005279034690799397,0.0,0.0023014959723820483,0.0004048582995951417,0.0,0.005879470847623714,0.0,0.0024621878297572987,0.0,0.0017913121361397223,0.0006821282401091405,0.0,0.0,0.0
FA,0.0011312217194570137,0.0,0.0011507479861910242,0.0,0.0,0.0004899559039686428,0.0,0.0014069644741470278,0.0,0.0004478280340349306,0.001364256480218281,0.006726457399103139,0.00025265285497726126,0.0
FC,0.0003770739064856712,0.0,0.0,0.0004048582995951417,0.0,0.0,0.0,0.004220893422441084,0.0,0.004030452306314375,0.005115961800818554,0.004484304932735426,0.007326932794340576,0.0045871559633027525
FD,0.0015082956259426848,0.0,0.0,0.0,0.0,0.0004899559039686428,0.008403361344537815,0.0014069644741470278,0.0,0.0013434841021047917,0.0020463847203274215,0.002242152466367713,0.0007579585649317837,0.0045871559633027525
FE,0.0007541478129713424,0.0,0.0011507479861910242,0.0,0.0,0.0,0.0,0.005979599015124868,0.004672897196261682,0.0017913121361397223,0.0023874488403819918,0.008968609865470852,0.008590197069226882,0.0
FF,0.0,0.0,0.0,0.0,0.0,0.0004899559039686428,0.0,0.0007034822370735139,0.0,0.0,0.0006821282401091405,0.0,0.0005053057099545225,0.0
FG,0.0,0.010101010101010102,0.0011507479861910242,0.0004048582995951417,0.0,0.0,0.0,0.0,0.0,0.0,0.0,0.0,0.0007579585649317837,0.0
FH,0.0003770739064856712,0.0,0.0011507479861910242,0.0,0.0,0.0,0.0,0.001055223355610271,0.0,0.0004478280340349306,0.0,0.0,0.0005053057099545225,0.0
FI,0.0007541478129713424,0.0,0.0011507479861910242,0.0004048582995951417,0.0,0.002939735423811857,0.0,0.00035174111853675694,0.0,0.0008956560680698612,0.0020463847203274215,0.006726457399103139,0.0005053057099545225,0.0
FK,0.0003770739064856712,0.0,0.0,0.0012145748987854252,0.0,0.002449779519843214,0.0,0.0035174111853675696,0.0,0.0017913121361397223,0.0,0.0,0.0007579585649317837,0.0
FL,0.0011312217194570137,0.0,0.0,0.0004048582995951417,0.0,0.0034296913277804997,0.0,0.0038691523039043265,0.004672897196261682,0.005821764442454098,0.007844474761255117,0.008968609865470852,0.0055583628094997475,0.013761467889908258
FM,0.0,0.0,0.0,0.0,0.0,0.0,0.0,0.002110446711220542,0.0,0.0,0.0017053206002728514,0.0,0.0007579585649317837,0.0
FN,0.0003770739064856712,0.0,0.0011507479861910242,0.0,0.0,0.0,0.0,0.0014069644741470278,0.0,0.0,0.0,0.0,0.00025265285497726126,0.0
FP,0.0007541478129713424,0.010101010101010102,0.0,0.0,0.0,0.0,0.0,0.0024621878297572987,0.004672897196261682,0.0004478280340349306,0.0,0.0,0.00025265285497726126,0.0
FQ,0.0003770739064856712,0.0,0.0,0.0004048582995951417,0.0,0.0,0.0,0.0,0.0,0.0004478280340349306,0.001364256480218281,0.0,0.00025265285497726126,0.0
FR,0.0011312217194570137,0.0,0.0,0.0008097165991902834,0.0,0.0004899559039686428,0.0,0.0007034822370735139,0.0,0.0004478280340349306,0.00034106412005457026,0.002242152466367713,0.0,0.0
FS,0.0011312217194570137,0.0,0.0,0.0004048582995951417,0.0,0.0014698677119059284,0.0,0.00035174111853675694,0.0,0.0013434841021047917,0.0006821282401091405,0.0,0.001010611419909045,0.0
FT,0.0003770739064856712,0.0,0.0,0.0004048582995951417,0.0,0.0004899559039686428,0.0,0.0,0.0,0.004030452306314375,0.0023874488403819918,0.002242152466367713,0.0,0.0045871559633027525
FV,0.0015082956259426848,0.0,0.0,0.0,0.0,0.0,0.0,0.0017587055926837848,0.0,0.0013434841021047917,0.001364256480218281,0.0,0.0055583628094997475,0.0
FW,0.0003770739064856712,0.0,0.0,0.0,0.0,0.0,0.0,0.0,0.0,0.0026869682042095834,0.0,0.0,0.0,0.0
FY,0.0007541478129713424,0.0,0.0,0.0,0.0,0.0,0.0,0.0007034822370735139,0.0,0.003134796238244514,0.00034106412005457026,0.004484304932735426,0.0015159171298635675,0.0045871559633027525
GA,0.0022624434389140274,0.0,0.0011507479861910242,0.0004048582995951417,0.0,0.0019598236158745713,0.008403361344537815,0.0038691523039043265,0.009345794392523364,0.005821764442454098,0.004092769440654843,0.004484304932735426,0.003284487114704396,0.0045871559633027525
GC,0.0007541478129713424,0.0,0.0,0.0,0.0,0.0004899559039686428,0.0,0.0007034822370735139,0.0,0.0,0.0023874488403819918,0.0,0.00025265285497726126,0.0
GD,0.010180995475113122,0.0,0.004602991944764097,0.0036437246963562753,0.0,0.005879470847623714,0.008403361344537815,0.004924375659514597,0.004672897196261682,0.0008956560680698612,0.004433833560709414,0.002242152466367713,0.0007579585649317837,0.0
GE,0.006033182503770739,0.0,0.0034522439585730723,0.0020242914979757085,0.0,0.0039196472317491425,0.0,0.0038691523039043265,0.004672897196261682,0.0049261083743842365,0.004092769440654843,0.002242152466367713,0.0035371399696816574,0.009174311926605505
GF,0.0003770739064856712,0.010101010101010102,0.0,0.0,0.0,0.0004899559039686428,0.0,0.0028139289482940555,0.004672897196261682,0.0017913121361397223,0.0030695770804911324,0.008968609865470852,0.0015159171298635675,0.0045871559633027525
GG,0.010935143288084464,0.0,0.01380897583429229,0.0012145748987854252,0.040268456375838924,0.01224889759921607,0.008403361344537815,0.00035174111853675694,0.0,0.0,0.002728512960436562,0.002242152466367713,0.0005053057099545225,0.0
GH,0.0007541478129713424,0.0,0.0,0.0008097165991902834,0.0,0.0039196472317491425,0.0,0.0,0.0,0.0008956560680698612,0.002728512960436562,0.0,0.0007579585649317837,0.0045871559633027525
GI,0.0007541478129713424,0.0,0.0,0.0016194331983805667,0.0,0.0009799118079372856,0.0,0.00035174111853675694,0.0,0.0004478280340349306,0.001364256480218281,0.0,0.0,0.0
GK,0.0030165912518853697,0.0,0.0,0.0020242914979757085,0.0,0.002939735423811857,0.008403361344537815,0.008793527963418923,0.009345794392523364,0.005821764442454098,0.009890859481582538,0.011210762331838564,0.00833754421424962,0.0045871559633027525
GL,0.0022624434389140274,0.0,0.0011507479861910242,0.0004048582995951417,0.0,0.0014698677119059284,0.0,0.001055223355610271,0.004672897196261682,0.0004478280340349306,0.0023874488403819918,0.0,0.0017685699848408287,0.0
GM,0.0003770739064856712,0.0,0.0,0.0,0.0,0.0009799118079372856,0.0,0.0,0.0,0.0004478280340349306,0.0006821282401091405,0.0,0.00404244567963618,0.0
GN,0.0,0.0,0.0023014959723820483,0.0,0.0,0.0039196472317491425,0.0,0.001055223355610271,0.0,0.0017913121361397223,0.0010231923601637107,0.0,0.0005053057099545225,0.0
GP,0.0022624434389140274,0.010101010101010102,0.0011507479861910242,0.0004048582995951417,0.0,0.0,0.0,0.0031656700668308124,0.004672897196261682,0.0017913121361397223,0.004433833560709414,0.004484304932735426,0.0037897928246589186,0.0045871559633027525
GQ,0.0011312217194570137,0.0,0.0,0.0004048582995951417,0.0,0.0004899559039686428,0.0,0.0007034822370735139,0.004672897196261682,0.0013434841021047917,0.0023874488403819918,0.002242152466367713,0.0015159171298635675,0.0
GR,0.010935143288084464,0.04040404040404041,0.01726121979286536,0.004858299595141701,0.006711409395973154,0.02939735423811857,0.025210084033613446,0.005627857896588111,0.004672897196261682,0.007165248544558889,0.004433833560709414,0.0,0.0037897928246589186,0.0045871559633027525
GS,0.004147812971342383,0.0,0.012658227848101266,0.006477732793522267,0.020134228187919462,0.009309162175404213,0.0,0.001055223355610271,0.004672897196261682,0.0004478280340349306,0.0020463847203274215,0.002242152466367713,0.005053057099545225,0.0
GT,0.0003770739064856712,0.0,0.0011507479861910242,0.0024291497975708503,0.006711409395973154,0.0009799118079372856,0.0,0.00035174111853675694,0.0,0.0008956560680698612,0.0010231923601637107,0.004484304932735426,0.001010611419909045,0.0
GV,0.0015082956259426848,0.0,0.0,0.0012145748987854252,0.0,0.0009799118079372856,0.0,0.0014069644741470278,0.004672897196261682,0.0004478280340349306,0.0020463847203274215,0.004484304932735426,0.0005053057099545225,0.0
GW,0.0007541478129713424,0.0,0.0,0.0,0.0,0.0,0.0,0.001055223355610271,0.0,0.0,0.00034106412005457026,0.0,0.0,0.0
GY,0.003393665158371041,0.0,0.006904487917146145,0.0,0.0,0.0019598236158745713,0.0,0.0014069644741470278,0.004672897196261682,0.006717420510523959,0.006139154160982265,0.002242152466367713,0.006821627084386054,0.0045871559633027525
HA,0.001885369532428356,0.0,0.0,0.0004048582995951417,0.0,0.0004899559039686428,0.0,0.0028139289482940555,0.0,0.0004478280340349306,0.001364256480218281,0.0,0.00025265285497726126,0.0
HC,0.0003770739064856712,0.0,0.0,0.0,0.0,0.0,0.0,0.0007034822370735139,0.0,0.0,0.0,0.0,0.00025265285497726126,0.0
HD,0.0015082956259426848,0.010101010101010102,0.0034522439585730723,0.0020242914979757085,0.0,0.0014698677119059284,0.0,0.0035174111853675696,0.009345794392523364,0.003134796238244514,0.005115961800818554,0.011210762331838564,0.012632642748863061,0.009174311926605505
HE,0.003393665158371041,0.0,0.004602991944764097,0.0020242914979757085,0.006711409395973154,0.002939735423811857,0.0,0.0035174111853675696,0.004672897196261682,0.0022391401701746527,0.004433833560709414,0.004484304932735426,0.0005053057099545225,0.0
HF,0.0,0.0,0.0023014959723820483,0.0,0.0,0.0,0.0,0.00035174111853675694,0.0,0.0026869682042095834,0.001364256480218281,0.0,0.001010611419909045,0.0
HG,0.0022624434389140274,0.0,0.0023014959723820483,0.0008097165991902834,0.013422818791946308,0.005879470847623714,0.0,0.00035174111853675694,0.0,0.0008956560680698612,0.00034106412005457026,0.0,0.0,0.0
HH,0.005279034690799397,0.0,0.009205983889528193,0.006477732793522267,0.006711409395973154,0.0019598236158745713,0.0,0.0,0.0,0.0004478280340349306,0.0,0.0,0.00025265285497726126,0.0
HI,0.0003770739064856712,0.0,0.0,0.0004048582995951417,0.0,0.0004899559039686428,0.0,0.0035174111853675696,0.004672897196261682,0.0026869682042095834,0.001364256480218281,0.0,0.0037897928246589186,0.0
HK,0.0015082956259426848,0.0,0.0023014959723820483,0.004858299595141701,0.0,0.0019598236158745713,0.0,0.0007034822370735139,0.0,0.0008956560680698612,0.00034106412005457026,0.0,0.0005053057099545225,0.0
HL,0.0015082956259426848,0.0,0.0,0.0008097165991902834,0.0,0.0009799118079372856,0.0,0.0014069644741470278,0.0,0.0035826242722794446,0.004433833560709414,0.006726457399103139,0.00025265285497726126,0.0
HM,0.0011312217194570137,0.0,0.0,0.0,0.0,0.0,0.0,0.002110446711220542,0.0,0.0008956560680698612,0.001364256480218281,0.0,0.0007579585649317837,0.0
HN,0.0022624434389140274,0.0,0.0,0.0012145748987854252,0.0,0.0014698677119059284,0.0,0.0007034822370735139,0.004672897196261682,0.003134796238244514,0.0,0.0,0.0,0.0
HP,0.0011312217194570137,0.0,0.0,0.0008097165991902834,0.0,0.0009799118079372856,0.0,0.001055223355610271,0.0,0.0004478280340349306,0.0006821282401091405,0.0,0.0,0.0
HQ,0.0007541478129713424,0.0,0.0011507479861910242,0.0012145748987854252,0.0,0.0009799118079372856,0.008403361344537815,0.0014069644741470278,0.0,0.0026869682042095834,0.0010231923601637107,0.0,0.0005053057099545225,0.0
HR,0.00980392156862745,0.0,0.019562715765247412,0.009716599190283401,0.026845637583892617,0.011758941695247428,0.0,0.0014069644741470278,0.0,0.0008956560680698612,0.001364256480218281,0.0,0.0007579585649317837,0.0045871559633027525
HS,0.004524886877828055,0.0,0.0023014959723820483,0.006072874493927126,0.006711409395973154,0.002939735423811857,0.008403361344537815,0.0028139289482940555,0.0,0.0004478280340349306,0.0006821282401091405,0.0,0.0005053057099545225,0.0
HT,0.0003770739064856712,0.0,0.0011507479861910242,0.0012145748987854252,0.0,0.0004899559039686428,0.0,0.001055223355610271,0.0,0.0022391401701746527,0.00034106412005457026,0.0,0.0,0.0045871559633027525
HV,0.0,0.0,0.0,0.0,0.0,0.0004899559039686428,0.0,0.002110446711220542,0.009345794392523364,0.0,0.0017053206002728514,0.004484304932735426,0.005305709954522486,0.0045871559633027525
HW,0.0,0.0,0.0,0.0,0.0,0.0,0.0,0.0,0.0,0.0004478280340349306,0.001364256480218281,0.004484304932735426,0.00025265285497726126,0.0
HY,0.0007541478129713424,0.0,0.0011507479861910242,0.0008097165991902834,0.0,0.0019598236158745713,0.0,0.0,0.004672897196261682,0.0013434841021047917,0.0006821282401091405,0.0,0.00025265285497726126,0.0
IA,0.0,0.0,0.0,0.0004048582995951417,0.0,0.002449779519843214,0.0,0.0024621878297572987,0.009345794392523364,0.0008956560680698612,0.0017053206002728514,0.0,0.0015159171298635675,0.0
IC,0.0003770739064856712,0.0,0.0,0.0,0.0,0.0,0.0,0.0031656700668308124,0.004672897196261682,0.0013434841021047917,0.0010231923601637107,0.011210762331838564,0.0025265285497726125,0.0
ID,0.0015082956259426848,0.0,0.0011507479861910242,0.0008097165991902834,0.0,0.0009799118079372856,0.0,0.005627857896588111,0.0,0.0017913121361397223,0.0034106412005457027,0.011210762331838564,0.0007579585649317837,0.0
IE,0.005279034690799397,0.0,0.0011507479861910242,0.0032388663967611335,0.006711409395973154,0.0009799118079372856,0.0,0.006331340133661625,0.004672897196261682,0.006269592476489028,0.004433833560709414,0.006726457399103139,0.003031834259727135,0.0045871559633027525
IF,0.0003770739064856712,0.0,0.0,0.0,0.0,0.0,0.0,0.0,0.0,0.0008956560680698612,0.0,0.0,0.00025265285497726126,0.0
IG,0.0003770739064856712,0.0,0.0011507479861910242,0.0,0.0,0.0019598236158745713,0.0,0.0031656700668308124,0.0,0.0008956560680698612,0.0017053206002728514,0.0,0.003284487114704396,0.0
IH,0.0007541478129713424,0.0,0.0,0.0,0.0,0.0,0.0,0.0028139289482940555,0.0,0.0026869682042095834,0.002728512960436562,0.002242152466367713,0.003031834259727135,0.0045871559633027525
II,0.0026395173453996985,0.0,0.0,0.0004048582995951417,0.006711409395973154,0.0,0.0,0.0014069644741470278,0.0,0.0022391401701746527,0.0010231923601637107,0.0,0.00025265285497726126,0.0
IK,0.0030165912518853697,0.0,0.0011507479861910242,0.002834008097165992,0.0,0.0004899559039686428,0.0,0.005627857896588111,0.0,0.005373936408419167,0.0034106412005457027,0.002242152466367713,0.005053057099545225,0.0
IL,0.0011312217194570137,0.0,0.0011507479861910242,0.0012145748987854252,0.006711409395973154,0.0004899559039686428,0.0,0.001055223355610271,0.0,0.0026869682042095834,0.0010231923601637107,0.0,0.0022738756947953513,0.0
IM,0.0,0.0,0.0,0.0,0.0,0.0009799118079372856,0.0,0.00035174111853675694,0.004672897196261682,0.0004478280340349306,0.0010231923601637107,0.0,0.0005053057099545225,0.0
IN,0.0026395173453996985,0.0,0.0,0.0,0.0,0.0004899559039686428,0.0,0.0045726345409778405,0.0,0.0026869682042095834,0.0047748976807639835,0.0,0.001010611419909045,0.0045871559633027525
IP,0.0007541478129713424,0.0,0.0,0.0012145748987854252,0.0,0.0,0.0,0.0017587055926837848,0.0,0.0008956560680698612,0.00034106412005457026,0.0,0.001010611419909045,0.0
IQ,0.0,0.0,0.0,0.0,0.0,0.0,0.0,0.0007034822370735139,0.004672897196261682,0.0017913121361397223,0.0020463847203274215,0.002242152466367713,0.0012632642748863063,0.009174311926605505
IR,0.001885369532428356,0.0,0.0,0.0016194331983805667,0.0,0.0014698677119059284,0.0,0.007034822370735139,0.009345794392523364,0.00850873264666368,0.0068212824010914054,0.008968609865470852,0.001010611419909045,0.0045871559633027525
IS,0.0011312217194570137,0.0,0.0023014959723820483,0.0012145748987854252,0.0,0.0014698677119059284,0.0,0.0024621878297572987,0.0,0.0008956560680698612,0.0020463847203274215,0.0,0.001010611419909045,0.0045871559633027525
IT,0.0003770739064856712,0.0,0.0,0.0004048582995951417,0.0,0.0,0.0,0.001055223355610271,0.0,0.0017913121361397223,0.0006821282401091405,0.004484304932735426,0.0027791814047498737,0.0
IV,0.0003770739064856712,0.0,0.0,0.0012145748987854252,0.006711409395973154,0.0004899559039686428,0.0,0.0017587055926837848,0.004672897196261682,0.0008956560680698612,0.004433833560709414,0.002242152466367713,0.00025265285497726126,0.0045871559633027525
IW,0.0003770739064856712,0.0,0.0,0.0,0.0,0.0,0.0,0.0,0.0,0.0,0.0,0.0,0.0,0.0
IY,0.0011312217194570137,0.0,0.0011507479861910242,0.0,0.0,0.0004899559039686428,0.0,0.00035174111853675694,0.0,0.0,0.0,0.0,0.0,0.0
KA,0.004147812971342383,0.0,0.0011507479861910242,0.0032388663967611335,0.013422818791946308,0.008329250367466928,0.008403361344537815,0.006331340133661625,0.0,0.005821764442454098,0.005457025920873124,0.006726457399103139,0.0022738756947953513,0.0
KC,0.0,0.0,0.0,0.0,0.0,0.0,0.0,0.0,0.004672897196261682,0.0008956560680698612,0.0010231923601637107,0.0,0.0,0.0
KD,0.010180995475113122,0.0,0.0023014959723820483,0.011336032388663968,0.0,0.004899559039686428,0.0,0.008441786844882167,0.0,0.006717420510523959,0.0023874488403819918,0.006726457399103139,0.0012632642748863063,0.0
KE,0.017722473604826545,0.0,0.005753739930955121,0.02348178137651822,0.0,0.020088192062714356,0.008403361344537815,0.01160745691171298,0.0,0.011195700850873265,0.004092769440654843,0.0,0.01010611419909045,0.0045871559633027525
KF,0.001885369532428356,0.0,0.0,0.0004048582995951417,0.0,0.0,0.0,0.0028139289482940555,0.0,0.0013434841021047917,0.001364256480218281,0.002242152466367713,0.0035371399696816574,0.0
KG,0.0030165912518853697,0.0,0.0011507479861910242,0.0008097165991902834,0.0,0.0034296913277804997,0.0,0.0038691523039043265,0.004672897196261682,0.0013434841021047917,0.0020463847203274215,0.0,0.003031834259727135,0.0
KH,0.004147812971342383,0.0,0.0011507479861910242,0.007692307692307693,0.0,0.0014698677119059284,0.0,0.002110446711220542,0.004672897196261682,0.0026869682042095834,0.0017053206002728514,0.0,0.0,0.0045871559633027525
KI,0.0026395173453996985,0.0,0.0,0.0004048582995951417,0.013422818791946308,0.0,0.0,0.01160745691171298,0.0,0.013434841021047918,0.009549795361527967,0.004484304932735426,0.006316321374431531,0.009174311926605505
KK,0.00942684766214178,0.0,0.0034522439585730723,0.008502024291497975,0.0,0.004409603135717786,0.01680672268907563,0.009497010200492437,0.0,0.005373936408419167,0.0030695770804911324,0.006726457399103139,0.008842849924204144,0.009174311926605505
KL,0.0030165912518853697,0.0,0.0,0.002834008097165992,0.0,0.0034296913277804997,0.0,0.005627857896588111,0.009345794392523364,0.006269592476489028,0.008526603001364257,0.0,0.011622031328954016,0.01834862385321101
KM,0.0026395173453996985,0.0,0.0011507479861910242,0.0016194331983805667,0.0,0.0,0.0,0.001055223355610271,0.004672897196261682,0.0022391401701746527,0.001364256480218281,0.002242152466367713,0.004547751389590703,0.0045871559633027525
KN,0.004147812971342383,0.0,0.0011507479861910242,0.0012145748987854252,0.0,0.002939735423811857,0.0,0.004924375659514597,0.0,0.005373936408419167,0.0023874488403819918,0.0,0.0022738756947953513,0.0
KP,0.0015082956259426848,0.0,0.0,0.0020242914979757085,0.0,0.0014698677119059284,0.0,0.0007034822370735139,0.0,0.0008956560680698612,0.0010231923601637107,0.0,0.0005053057099545225,0.0
KQ,0.0030165912518853697,0.010101010101010102,0.004602991944764097,0.0016194331983805667,0.0,0.005389514943655071,0.0,0.007738304607808653,0.0,0.006717420510523959,0.007844474761255117,0.01569506726457399,0.004547751389590703,0.0
KR,0.011689291101055807,0.0,0.0011507479861910242,0.017813765182186234,0.0,0.002939735423811857,0.025210084033613446,0.007386563489271896,0.004672897196261682,0.0035826242722794446,0.004092769440654843,0.004484304932735426,0.0007579585649317837,0.009174311926605505
KS,0.00641025641025641,0.0,0.0034522439585730723,0.012145748987854251,0.0,0.004899559039686428,0.025210084033613446,0.007738304607808653,0.0,0.0049261083743842365,0.0047748976807639835,0.006726457399103139,0.00808489135927236,0.009174311926605505
KT,0.0026395173453996985,0.0,0.0011507479861910242,0.0032388663967611335,0.0,0.0009799118079372856,0.0,0.002110446711220542,0.004672897196261682,0.003134796238244514,0.0006821282401091405,0.0,0.00202122283981809,0.0
KV,0.003770739064856712,0.0,0.0,0.0016194331983805667,0.0,0.0014698677119059284,0.0,0.004924375659514597,0.009345794392523364,0.004030452306314375,0.0047748976807639835,0.004484304932735426,0.008842849924204144,0.0
KW,0.0003770739064856712,0.0,0.0,0.0,0.0,0.0004899559039686428,0.0,0.0007034822370735139,0.0,0.0,0.00034106412005457026,0.0,0.001010611419909045,0.0045871559633027525
KY,0.0030165912518853697,0.010101010101010102,0.0023014959723820483,0.0008097165991902834,0.0,0.0019598236158745713,0.0,0.008441786844882167,0.0,0.0049261083743842365,0.0020463847203274215,0.004484304932735426,0.0,0.0045871559633027525
LA,0.004901960784313725,0.010101010101010102,0.0011507479861910242,0.0020242914979757085,0.006711409395973154,0.008329250367466928,0.0,0.005276116778051354,0.004672897196261682,0.0049261083743842365,0.005115961800818554,0.006726457399103139,0.012885295603840323,0.0045871559633027525
LC,0.0003770739064856712,0.0,0.0,0.0,0.0,0.0004899559039686428,0.0,0.00035174111853675694,0.009345794392523364,0.0004478280340349306,0.0047748976807639835,0.0,0.005053057099545225,0.009174311926605505
LD,0.001885369532428356,0.010101010101010102,0.0,0.0008097165991902834,0.006711409395973154,0.002939735423811857,0.008403361344537815,0.006683081252198382,0.004672897196261682,0.00806090461262875,0.007162346521145975,0.004484304932735426,0.009095502779181405,0.013761467889908258
LE,0.001885369532428356,0.0,0.0034522439585730723,0.004048582995951417,0.0,0.0,0.008403361344537815,0.007034822370735139,0.014018691588785047,0.006717420510523959,0.004433833560709414,0.002242152466367713,0.007579585649317837,0.009174311926605505
LF,0.0007541478129713424,0.0,0.0,0.0012145748987854252,0.0,0.0,0.0,0.0045726345409778405,0.004672897196261682,0.005373936408419167,0.005457025920873124,0.006726457399103139,0.0055583628094997475,0.0045871559633027525
LG,0.0015082956259426848,0.0,0.0,0.0016194331983805667,0.0,0.0009799118079372856,0.0,0.002110446711220542,0.014018691588785047,0.007165248544558889,0.008867667121418827,0.006726457399103139,0.007579585649317837,0.009174311926605505
LH,0.0007541478129713424,0.0,0.0023014959723820483,0.0008097165991902834,0.0,0.0004899559039686428,0.0,0.002110446711220542,0.0,0.0022391401701746527,0.0020463847203274215,0.0,0.00025265285497726126,0.0045871559633027525
LI,0.0011312217194570137,0.0,0.0,0.0,0.0,0.0004899559039686428,0.0,0.0024621878297572987,0.009345794392523364,0.003134796238244514,0.0047748976807639835,0.008968609865470852,0.003031834259727135,0.013761467889908258
LK,0.005279034690799397,0.0,0.0023014959723820483,0.0036437246963562753,0.0,0.0004899559039686428,0.0,0.011255715793176222,0.0,0.006717420510523959,0.007162346521145975,0.0,0.005305709954522486,0.013761467889908258
LL,0.0026395173453996985,0.0,0.0,0.0020242914979757085,0.0,0.0014698677119059284,0.0,0.00809004572634541,0.009345794392523364,0.013882669055082848,0.009549795361527967,0.011210762331838564,0.013390601313794846,0.013761467889908258
LM,0.0007541478129713424,0.0,0.0,0.0004048582995951417,0.0,0.0004899559039686428,0.0,0.005979599015124868,0.004672897196261682,0.005821764442454098,0.007844474761255117,0.004484304932735426,0.009853461344113188,0.0045871559633027525
LN,0.0030165912518853697,0.0,0.0,0.0,0.0,0.0009799118079372856,0.0,0.004220893422441084,0.0,0.0026869682042095834,0.002728512960436562,0.006726457399103139,0.004295098534613441,0.0045871559633027525
LP,0.001885369532428356,0.0,0.0,0.0004048582995951417,0.0,0.0004899559039686428,0.0,0.0007034822370735139,0.004672897196261682,0.0004478280340349306,0.0020463847203274215,0.0,0.001010611419909045,0.0045871559633027525
LQ,0.0011312217194570137,0.0,0.0011507479861910242,0.0024291497975708503,0.0,0.0,0.0,0.005979599015124868,0.0,0.009852216748768473,0.0034106412005457027,0.006726457399103139,0.0012632642748863063,0.0045871559633027525
LR,0.0030165912518853697,0.010101010101010102,0.0011507479861910242,0.005668016194331984,0.006711409395973154,0.0019598236158745713,0.0,0.0024621878297572987,0.004672897196261682,0.005373936408419167,0.007503410641200546,0.006726457399103139,0.0005053057099545225,0.009174311926605505
LS,0.004901960784313725,0.0,0.0011507479861910242,0.0020242914979757085,0.0,0.0014698677119059284,0.0,0.0028139289482940555,0.0,0.0026869682042095834,0.004092769440654843,0.008968609865470852,0.00606366851945427,0.0
LT,0.0022624434389140274,0.0,0.0,0.0004048582995951417,0.0,0.0009799118079372856,0.0,0.0017587055926837848,0.009345794392523364,0.005373936408419167,0.004433833560709414,0.004484304932735426,0.007579585649317837,0.0
LV,0.001885369532428356,0.0,0.0,0.0004048582995951417,0.0,0.002939735423811857,0.0,0.005276116778051354,0.0,0.011643528884908196,0.006480218281036835,0.006726457399103139,0.009853461344113188,0.0
LW,0.0,0.0,0.0,0.0,0.0,0.0004899559039686428,0.0,0.0,0.0,0.0004478280340349306,0.0,0.0,0.00025265285497726126,0.0
LY,0.0,0.0,0.0,0.0004048582995951417,0.0,0.0,0.0,0.00035174111853675694,0.0,0.0004478280340349306,0.0010231923601637107,0.0,0.0005053057099545225,0.0
MA,0.0003770739064856712,0.0,0.0,0.0,0.0,0.0,0.0,0.00035174111853675694,0.0,0.0026869682042095834,0.001364256480218281,0.002242152466367713,0.004800404244567963,0.0
MC,0.0,0.0,0.0,0.0,0.0,0.0,0.0,0.00035174111853675694,0.0,0.0004478280340349306,0.00034106412005457026,0.0,0.0,0.0
MD,0.0011312217194570137,0.0,0.0023014959723820483,0.0024291497975708503,0.0,0.0,0.0,0.0014069644741470278,0.004672897196261682,0.005373936408419167,0.001364256480218281,0.0,0.005811015664477008,0.0045871559633027525
ME,0.0026395173453996985,0.0,0.0034522439585730723,0.0024291497975708503,0.0,0.0019598236158745713,0.008403361344537815,0.0045726345409778405,0.0,0.003134796238244514,0.004433833560709414,0.002242152466367713,0.0017685699848408287,0.0
MF,0.0,0.0,0.0,0.0,0.0,0.0,0.0,0.0007034822370735139,0.0,0.0008956560680698612,0.0,0.0,0.0,0.0
MG,0.0011312217194570137,0.0,0.0,0.0,0.0,0.0,0.0,0.006331340133661625,0.004672897196261682,0.0008956560680698612,0.008185538881309686,0.008968609865470852,0.004547751389590703,0.0045871559633027525
MH,0.0003770739064856712,0.0,0.0,0.0004048582995951417,0.0,0.0,0.0,0.00035174111853675694,0.004672897196261682,0.0,0.0,0.0,0.0,0.0
MI,0.0,0.0,0.0,0.0,0.0,0.0,0.0,0.001055223355610271,0.0,0.0008956560680698612,0.0020463847203274215,0.002242152466367713,0.0005053057099545225,0.0
MK,0.0003770739064856712,0.0,0.0,0.0008097165991902834,0.0,0.0009799118079372856,0.0,0.004924375659514597,0.0,0.0017913121361397223,0.003751705320600273,0.0,0.0007579585649317837,0.0045871559633027525
ML,0.0003770739064856712,0.010101010101010102,0.0,0.0,0.0,0.0,0.0,0.001055223355610271,0.0,0.0044782803403493054,0.0023874488403819918,0.004484304932735426,0.0025265285497726125,0.0045871559633027525
MM,0.0,0.0,0.0,0.0004048582995951417,0.0,0.0,0.0,0.0007034822370735139,0.0,0.0,0.001364256480218281,0.0,0.00025265285497726126,0.0
MN,0.0007541478129713424,0.0,0.0,0.0,0.0,0.0,0.0,0.001055223355610271,0.0,0.0013434841021047917,0.0010231923601637107,0.0,0.0,0.0
MP,0.0003770739064856712,0.0,0.0,0.0008097165991902834,0.0,0.0004899559039686428,0.0,0.00035174111853675694,0.0,0.0,0.0,0.0,0.0007579585649317837,0.0
MQ,0.0003770739064856712,0.0,0.0,0.0008097165991902834,0.0,0.0,0.0,0.0024621878297572987,0.0,0.0013434841021047917,0.001364256480218281,0.006726457399103139,0.0005053057099545225,0.0
MR,0.001885369532428356,0.0,0.0023014959723820483,0.0012145748987854252,0.0,0.0009799118079372856,0.0,0.0038691523039043265,0.004672897196261682,0.0,0.0020463847203274215,0.002242152466367713,0.003284487114704396,0.0045871559633027525
MS,0.0003770739064856712,0.0,0.0,0.0,0.0,0.0,0.0,0.0024621878297572987,0.004672897196261682,0.0022391401701746527,0.0017053206002728514,0.0,0.0005053057099545225,0.0
MT,0.0003770739064856712,0.0,0.0,0.0004048582995951417,0.0,0.0009799118079372856,0.0,0.001055223355610271,0.0,0.0004478280340349306,0.00034106412005457026,0.002242152466367713,0.0015159171298635675,0.0
MV,0.0,0.0,0.0,0.0,0.0,0.0009799118079372856,0.0,0.0014069644741470278,0.0,0.0017913121361397223,0.001364256480218281,0.0,0.007832238504295099,0.0
MW,0.0,0.0,0.0,0.0,0.0,0.0,0.0,0.0,0.0,0.0,0.0,0.0,0.0,0.0
MY,0.0,0.0,0.0,0.0004048582995951417,0.0,0.0,0.0,0.0,0.0,0.0,0.0,0.0,0.0005053057099545225,0.0045871559633027525
NA,0.0026395173453996985,0.0,0.0,0.0,0.006711409395973154,0.0004899559039686428,0.0,0.0028139289482940555,0.004672897196261682,0.0017913121361397223,0.0023874488403819918,0.0,0.0017685699848408287,0.0
NC,0.0,0.0,0.0,0.0004048582995951417,0.0,0.0,0.0,0.001055223355610271,0.0,0.0,0.00034106412005457026,0.0,0.0,0.0
ND,0.0026395173453996985,0.0,0.005753739930955121,0.0016194331983805667,0.006711409395973154,0.0014698677119059284,0.0,0.0017587055926837848,0.004672897196261682,0.00806090461262875,0.0020463847203274215,0.002242152466367713,0.005053057099545225,0.0045871559633027525
NE,0.004147812971342383,0.0,0.0,0.0024291497975708503,0.0,0.002449779519843214,0.008403361344537815,0.007034822370735139,0.004672897196261682,0.0022391401701746527,0.0047748976807639835,0.004484304932735426,0.001010611419909045,0.009174311926605505
NF,0.0011312217194570137,0.0,0.0,0.0,0.0,0.0004899559039686428,0.008403361344537815,0.00035174111853675694,0.004672897196261682,0.0013434841021047917,0.0,0.0,0.0005053057099545225,0.0
NG,0.004147812971342383,0.0,0.0011507479861910242,0.0024291497975708503,0.0,0.010779029887310143,0.0,0.0017587055926837848,0.0,0.0004478280340349306,0.0017053206002728514,0.004484304932735426,0.0,0.0
NH,0.0015082956259426848,0.0,0.0034522439585730723,0.0008097165991902834,0.0,0.0014698677119059284,0.0,0.0045726345409778405,0.0,0.0013434841021047917,0.00034106412005457026,0.0,0.00025265285497726126,0.0
NI,0.0022624434389140274,0.0,0.0,0.0008097165991902834,0.0,0.0004899559039686428,0.0,0.0028139289482940555,0.0,0.0013434841021047917,0.0010231923601637107,0.002242152466367713,0.0015159171298635675,0.0045871559633027525
NK,0.004524886877828055,0.0,0.0011507479861910242,0.0012145748987854252,0.0,0.0004899559039686428,0.008403361344537815,0.0017587055926837848,0.0,0.0049261083743842365,0.001364256480218281,0.0,0.0007579585649317837,0.0045871559633027525
NL,0.0015082956259426848,0.0,0.0,0.0016194331983805667,0.0,0.0,0.0,0.002110446711220542,0.0,0.0026869682042095834,0.004433833560709414,0.004484304932735426,0.006821627084386054,0.0
NM,0.0,0.0,0.0,0.0,0.0,0.0014698677119059284,0.0,0.0014069644741470278,0.0,0.0,0.0006821282401091405,0.0,0.0007579585649317837,0.0
NN,0.0026395173453996985,0.0,0.0,0.0008097165991902834,0.0,0.0019598236158745713,0.0,0.0035174111853675696,0.004672897196261682,0.0008956560680698612,0.0010231923601637107,0.0,0.00025265285497726126,0.0045871559633027525
NP,0.0003770739064856712,0.0,0.0,0.0,0.0,0.0,0.008403361344537815,0.0017587055926837848,0.0,0.0044782803403493054,0.0020463847203274215,0.0,0.0,0.0
NQ,0.0011312217194570137,0.0,0.0,0.0,0.0,0.0009799118079372856,0.0,0.0028139289482940555,0.0,0.0026869682042095834,0.0006821282401091405,0.002242152466367713,0.00025265285497726126,0.0
NR,0.003393665158371041,0.0,0.010356731875719217,0.0012145748987854252,0.006711409395973154,0.009799118079372856,0.0,0.0017587055926837848,0.009345794392523364,0.003134796238244514,0.0030695770804911324,0.0,0.0,0.009174311926605505
NS,0.003393665158371041,0.0,0.004602991944764097,0.0020242914979757085,0.0,0.0009799118079372856,0.0,0.0028139289482940555,0.004672897196261682,0.0017913121361397223,0.0023874488403819918,0.0,0.0012632642748863063,0.0
NT,0.0022624434389140274,0.0,0.0011507479861910242,0.0008097165991902834,0.0,0.0004899559039686428,0.0,0.005979599015124868,0.009345794392523364,0.005821764442454098,0.005798090040927694,0.004484304932735426,0.005305709954522486,0.009174311926605505
NV,0.001885369532428356,0.0,0.0,0.0012145748987854252,0.0,0.0004899559039686428,0.0,0.0038691523039043265,0.0,0.0004478280340349306,0.002728512960436562,0.0,0.0005053057099545225,0.0
NW,0.0003770739064856712,0.0,0.0,0.0,0.0,0.0004899559039686428,0.0,0.0014069644741470278,0.0,0.0,0.00034106412005457026,0.0,0.00025265285497726126,0.0
NY,0.0007541478129713424,0.0,0.0034522439585730723,0.0,0.0,0.0009799118079372856,0.0,0.001055223355610271,0.0,0.0017913121361397223,0.0,0.0,0.00025265285497726126,0.0
PA,0.0011312217194570137,0.0,0.0011507479861910242,0.0004048582995951417,0.013422818791946308,0.0009799118079372856,0.0,0.0017587055926837848,0.0,0.0,0.0020463847203274215,0.0,0.0017685699848408287,0.0
PC,0.0003770739064856712,0.0,0.0,0.0,0.0,0.0,0.0,0.0017587055926837848,0.0,0.0017913121361397223,0.0034106412005457027,0.004484304932735426,0.0027791814047498737,0.0045871559633027525
PD,0.0015082956259426848,0.0,0.0011507479861910242,0.0032388663967611335,0.0,0.0004899559039686428,0.0,0.0028139289482940555,0.009345794392523364,0.0044782803403493054,0.0023874488403819918,0.006726457399103139,0.0007579585649317837,0.013761467889908258
PE,0.0011312217194570137,0.0,0.0,0.002834008097165992,0.0,0.0,0.008403361344537815,0.0024621878297572987,0.0,0.0008956560680698612,0.0017053206002728514,0.0,0.0,0.0
PF,0.0003770739064856712,0.010101010101010102,0.0,0.0,0.0,0.0004899559039686428,0.0,0.00035174111853675694,0.0,0.0008956560680698612,0.0006821282401091405,0.0,0.0007579585649317837,0.0
PG,0.0011312217194570137,0.0,0.0011507479861910242,0.0,0.0,0.0034296913277804997,0.0,0.0017587055926837848,0.004672897196261682,0.0008956560680698612,0.0010231923601637107,0.002242152466367713,0.001010611419909045,0.0
PH,0.0003770739064856712,0.0,0.0023014959723820483,0.0,0.006711409395973154,0.0,0.0,0.0038691523039043265,0.009345794392523364,0.0017913121361397223,0.0030695770804911324,0.004484304932735426,0.004295098534613441,0.0045871559633027525
PI,0.0011312217194570137,0.0,0.0011507479861910242,0.0004048582995951417,0.0,0.0009799118079372856,0.0,0.0007034822370735139,0.0,0.0013434841021047917,0.00034106412005457026,0.0,0.0015159171298635675,0.0
PK,0.0022624434389140274,0.0,0.0011507479861910242,0.0004048582995951417,0.0,0.0,0.008403361344537815,0.0017587055926837848,0.0,0.0,0.001364256480218281,0.0,0.006568974229408792,0.0
PL,0.0015082956259426848,0.0,0.0,0.0012145748987854252,0.0,0.0004899559039686428,0.0,0.001055223355610271,0.0,0.0008956560680698612,0.00034106412005457026,0.002242152466367713,0.003031834259727135,0.0
PM,0.0003770739064856712,0.0,0.0,0.0012145748987854252,0.0,0.0,0.0,0.0,0.0,0.0008956560680698612,0.0,0.0,0.0005053057099545225,0.0
PN,0.0003770739064856712,0.0,0.0,0.0,0.0,0.0009799118079372856,0.0,0.005276116778051354,0.004672897196261682,0.0035826242722794446,0.001364256480218281,0.0,0.0005053057099545225,0.0
PP,0.007541478129713424,0.010101010101010102,0.006904487917146145,0.0036437246963562753,0.020134228187919462,0.0,0.0,0.0007034822370735139,0.0,0.0,0.0,0.0,0.007579585649317837,0.0
PQ,0.0007541478129713424,0.0,0.0023014959723820483,0.0004048582995951417,0.0,0.0,0.0,0.00035174111853675694,0.0,0.0004478280340349306,0.0006821282401091405,0.0,0.0015159171298635675,0.0
PR,0.0030165912518853697,0.030303030303030304,0.00805523590333717,0.0032388663967611335,0.040268456375838924,0.0039196472317491425,0.0,0.0,0.0,0.0004478280340349306,0.001364256480218281,0.0,0.006568974229408792,0.0
PS,0.0030165912518853697,0.0,0.0034522439585730723,0.005263157894736842,0.006711409395973154,0.0004899559039686428,0.0,0.0007034822370735139,0.0,0.0026869682042095834,0.004092769440654843,0.0,0.001010611419909045,0.0
PT,0.001885369532428356,0.010101010101010102,0.0,0.0008097165991902834,0.0,0.0009799118079372856,0.0,0.0,0.0,0.0017913121361397223,0.0023874488403819918,0.0,0.0005053057099545225,0.0
PV,0.0007541478129713424,0.0,0.0,0.0016194331983805667,0.0,0.007349338559529643,0.0,0.001055223355610271,0.0,0.0,0.0010231923601637107,0.004484304932735426,0.0015159171298635675,0.0
PW,0.0003770739064856712,0.0,0.0,0.0,0.0,0.0,0.0,0.0,0.0,0.0,0.00034106412005457026,0.0,0.0,0.0
PY,0.0011312217194570137,0.0,0.0034522439585730723,0.0012145748987854252,0.0,0.0034296913277804997,0.0,0.0007034822370735139,0.0,0.0008956560680698612,0.00034106412005457026,0.002242152466367713,0.0005053057099545225,0.0045871559633027525
QA,0.0011312217194570137,0.0,0.0011507479861910242,0.0012145748987854252,0.0,0.0014698677119059284,0.0,0.004924375659514597,0.0,0.0013434841021047917,0.005457025920873124,0.002242152466367713,0.0005053057099545225,0.0
QC,0.0,0.0,0.0,0.0,0.0,0.0,0.0,0.0,0.0,0.0004478280340349306,0.0020463847203274215,0.0,0.0007579585649317837,0.0
QD,0.0007541478129713424,0.0,0.004602991944764097,0.0008097165991902834,0.0,0.002449779519843214,0.008403361344537815,0.0024621878297572987,0.009345794392523364,0.0044782803403493054,0.00034106412005457026,0.0,0.0022738756947953513,0.009174311926605505
QE,0.0011312217194570137,0.010101010101010102,0.0,0.002834008097165992,0.0,0.0014698677119059284,0.0,0.004220893422441084,0.004672897196261682,0.006269592476489028,0.0034106412005457027,0.002242152466367713,0.006316321374431531,0.0045871559633027525
QF,0.0003770739064856712,0.0,0.0,0.0,0.0,0.0,0.0,0.00035174111853675694,0.0,0.0004478280340349306,0.00034106412005457026,0.0,0.0017685699848408287,0.0
QG,0.0015082956259426848,0.0,0.0023014959723820483,0.0004048582995951417,0.0,0.0,0.0,0.0007034822370735139,0.009345794392523364,0.0044782803403493054,0.003751705320600273,0.0,0.0005053057099545225,0.0045871559633027525
QH,0.0007541478129713424,0.0,0.0023014959723820483,0.0012145748987854252,0.0,0.0,0.0,0.0035174111853675696,0.0,0.0044782803403493054,0.005115961800818554,0.013452914798206279,0.004547751389590703,0.0
QI,0.0022624434389140274,0.0,0.0,0.0,0.0,0.0004899559039686428,0.0,0.0024621878297572987,0.009345794392523364,0.0008956560680698612,0.0034106412005457027,0.006726457399103139,0.0015159171298635675,0.0
QK,0.0015082956259426848,0.0,0.0,0.0020242914979757085,0.0,0.002449779519843214,0.0,0.005276116778051354,0.0,0.0049261083743842365,0.0020463847203274215,0.006726457399103139,0.0012632642748863063,0.0
QL,0.0026395173453996985,0.0,0.0,0.0004048582995951417,0.0,0.0,0.0,0.005276116778051354,0.0,0.008956560680698611,0.010231923601637109,0.008968609865470852,0.00404244567963618,0.009174311926605505
QM,0.0003770739064856712,0.0,0.0023014959723820483,0.0008097165991902834,0.0,0.0,0.0,0.0024621878297572987,0.0,0.0008956560680698612,0.0047748976807639835,0.004484304932735426,0.0,0.0
QN,0.001885369532428356,0.0,0.0023014959723820483,0.0020242914979757085,0.0,0.0014698677119059284,0.0,0.001055223355610271,0.0,0.0008956560680698612,0.00034106412005457026,0.004484304932735426,0.001010611419909045,0.0045871559633027525
QP,0.0,0.0,0.0,0.0008097165991902834,0.0,0.0,0.0,0.001055223355610271,0.0,0.0004478280340349306,0.0,0.004484304932735426,0.0017685699848408287,0.0
QQ,0.0007541478129713424,0.0,0.00805523590333717,0.0004048582995951417,0.0,0.0,0.0,0.0035174111853675696,0.004672897196261682,0.004030452306314375,0.004092769440654843,0.002242152466367713,0.0027791814047498737,0.0
QR,0.003393665158371041,0.0,0.009205983889528193,0.0024291497975708503,0.0,0.0039196472317491425,0.0,0.004924375659514597,0.009345794392523364,0.004030452306314375,0.005115961800818554,0.004484304932735426,0.004800404244567963,0.009174311926605505
QS,0.001885369532428356,0.0,0.0,0.0016194331983805667,0.0,0.0004899559039686428,0.0,0.002110446711220542,0.0,0.0044782803403493054,0.003751705320600273,0.008968609865470852,0.0055583628094997475,0.0
QT,0.0,0.0,0.0,0.0,0.0,0.0,0.0,0.00035174111853675694,0.004672897196261682,0.0013434841021047917,0.0010231923601637107,0.004484304932735426,0.0015159171298635675,0.0
QV,0.0003770739064856712,0.0,0.0,0.0012145748987854252,0.0,0.0004899559039686428,0.0,0.002110446711220542,0.004672897196261682,0.0026869682042095834,0.002728512960436562,0.002242152466367713,0.003031834259727135,0.0
QW,0.0003770739064856712,0.0,0.0,0.0,0.0,0.0,0.0,0.0,0.0,0.0,0.0,0.0,0.00025265285497726126,0.0
QY,0.0007541478129713424,0.0,0.0,0.0004048582995951417,0.0,0.0009799118079372856,0.0,0.0007034822370735139,0.0,0.0035826242722794446,0.002728512960436562,0.0,0.0005053057099545225,0.0
RA,0.004524886877828055,0.0,0.0034522439585730723,0.0012145748987854252,0.013422818791946308,0.0019598236158745713,0.0,0.004220893422441084,0.018691588785046728,0.0017913121361397223,0.003751705320600273,0.002242152466367713,0.0055583628094997475,0.0045871559633027525
RC,0.0,0.0,0.0,0.0012145748987854252,0.0,0.0,0.0,0.0024621878297572987,0.0,0.0,0.0,0.002242152466367713,0.0007579585649317837,0.0
RD,0.030165912518853696,0.10101010101010101,0.07019562715765247,0.0340080971659919,0.013422818791946308,0.054875061244487995,0.04201680672268908,0.0031656700668308124,0.009345794392523364,0.0026869682042095834,0.005457025920873124,0.0,0.0015159171298635675,0.0
RE,0.030542986425339366,0.0,0.024165707710011506,0.038461538461538464,0.006711409395973154,0.04507594316511514,0.09243697478991597,0.006683081252198382,0.014018691588785047,0.005373936408419167,0.005798090040927694,0.006726457399103139,0.005811015664477008,0.0045871559633027525
RF,0.0022624434389140274,0.0,0.0011507479861910242,0.0012145748987854252,0.0,0.0,0.0,0.0028139289482940555,0.0,0.0022391401701746527,0.0034106412005457027,0.002242152466367713,0.00606366851945427,0.009174311926605505
RG,0.013574660633484163,0.020202020202020204,0.01726121979286536,0.007692307692307693,0.006711409395973154,0.01910828025477707,0.01680672268907563,0.0028139289482940555,0.0,0.0017913121361397223,0.004433833560709414,0.006726457399103139,0.004800404244567963,0.0
RH,0.00641025641025641,0.0,0.009205983889528193,0.008097165991902834,0.03355704697986577,0.013718765311121999,0.008403361344537815,0.00035174111853675694,0.0,0.0013434841021047917,0.0010231923601637107,0.0,0.004547751389590703,0.0
RI,0.0011312217194570137,0.0,0.0011507479861910242,0.0,0.0,0.0014698677119059284,0.008403361344537815,0.005627857896588111,0.004672897196261682,0.0044782803403493054,0.008185538881309686,0.002242152466367713,0.00202122283981809,0.009174311926605505
RK,0.011689291101055807,0.0,0.004602991944764097,0.01902834008097166,0.0,0.008329250367466928,0.008403361344537815,0.0031656700668308124,0.009345794392523364,0.004030452306314375,0.003751705320600273,0.008968609865470852,0.006568974229408792,0.009174311926605505
RL,0.0015082956259426848,0.0,0.0,0.004048582995951417,0.0,0.006369426751592357,0.0,0.005627857896588111,0.004672897196261682,0.012987012987012988,0.006139154160982265,0.011210762331838564,0.005053057099545225,0.009174311926605505
RM,0.0007541478129713424,0.0,0.0,0.0016194331983805667,0.0,0.0009799118079372856,0.008403361344537815,0.0007034822370735139,0.004672897196261682,0.0026869682042095834,0.0017053206002728514,0.0,0.0,0.0
RN,0.004901960784313725,0.0,0.006904487917146145,0.0012145748987854252,0.0,0.009799118079372856,0.008403361344537815,0.005276116778051354,0.004672897196261682,0.0008956560680698612,0.005798090040927694,0.004484304932735426,0.0035371399696816574,0.009174311926605505
RP,0.001885369532428356,0.010101010101010102,0.005753739930955121,0.0020242914979757085,0.006711409395973154,0.0034296913277804997,0.0,0.00035174111853675694,0.004672897196261682,0.0008956560680698612,0.0010231923601637107,0.002242152466367713,0.00025265285497726126,0.0
RQ,0.0026395173453996985,0.0,0.00805523590333717,0.002834008097165992,0.0,0.0009799118079372856,0.0,0.00035174111853675694,0.004672897196261682,0.0044782803403493054,0.0030695770804911324,0.006726457399103139,0.0,0.0045871559633027525
RR,0.02564102564102564,0.0707070707070707,0.06214039125431531,0.048582995951417005,0.10738255033557047,0.022048015678588925,0.05042016806722689,0.0017587055926837848,0.0,0.0044782803403493054,0.006480218281036835,0.013452914798206279,0.006821627084386054,0.009174311926605505
RS,0.027149321266968326,0.13131313131313133,0.03222094361334868,0.06437246963562752,0.08053691275167785,0.040666340029397355,0.03361344537815126,0.0038691523039043265,0.004672897196261682,0.0017913121361397223,0.005798090040927694,0.0,0.0025265285497726125,0.0045871559633027525
RT,0.004524886877828055,0.0,0.004602991944764097,0.004048582995951417,0.0,0.0034296913277804997,0.01680672268907563,0.0017587055926837848,0.0,0.0022391401701746527,0.001364256480218281,0.0,0.0035371399696816574,0.0045871559633027525
RV,0.0011312217194570137,0.0,0.0034522439585730723,0.0008097165991902834,0.0,0.0034296913277804997,0.0,0.0038691523039043265,0.014018691588785047,0.0049261083743842365,0.003751705320600273,0.002242152466367713,0.004547751389590703,0.0045871559633027525
RW,0.0003770739064856712,0.0,0.004602991944764097,0.0,0.0,0.0004899559039686428,0.0,0.00035174111853675694,0.0,0.0,0.0010231923601637107,0.0,0.0005053057099545225,0.0
RY,0.00641025641025641,0.010101010101010102,0.020713463751438434,0.0024291497975708503,0.006711409395973154,0.01224889759921607,0.008403361344537815,0.0028139289482940555,0.0,0.0026869682042095834,0.002728512960436562,0.0,0.00025265285497726126,0.0045871559633027525
SA,0.0022624434389140274,0.0,0.0,0.004048582995951417,0.0,0.0014698677119059284,0.0,0.0017587055926837848,0.009345794392523364,0.0017913121361397223,0.0030695770804911324,0.002242152466367713,0.004295098534613441,0.0045871559633027525
SC,0.0003770739064856712,0.0,0.0,0.0004048582995951417,0.0,0.0009799118079372856,0.0,0.0007034822370735139,0.0,0.0004478280340349306,0.0010231923601637107,0.0,0.0005053057099545225,0.0
SD,0.003393665158371041,0.010101010101010102,0.004602991944764097,0.006882591093117409,0.013422818791946308,0.004409603135717786,0.008403361344537815,0.006331340133661625,0.0,0.00806090461262875,0.006480218281036835,0.011210762331838564,0.004547751389590703,0.013761467889908258
SE,0.006033182503770739,0.0,0.0,0.009716599190283401,0.006711409395973154,0.005879470847623714,0.0,0.005979599015124868,0.004672897196261682,0.0017913121361397223,0.004092769440654843,0.002242152466367713,0.003031834259727135,0.0045871559633027525
SF,0.0007541478129713424,0.0,0.0,0.0008097165991902834,0.0,0.0,0.0,0.004924375659514597,0.0,0.0022391401701746527,0.002728512960436562,0.002242152466367713,0.009095502779181405,0.0
SG,0.005656108597285068,0.010101010101010102,0.010356731875719217,0.0020242914979757085,0.013422818791946308,0.008329250367466928,0.008403361344537815,0.0024621878297572987,0.0,0.0013434841021047917,0.0020463847203274215,0.002242152466367713,0.00025265285497726126,0.0
SH,0.004147812971342383,0.0,0.0011507479861910242,0.005668016194331984,0.006711409395973154,0.002449779519843214,0.0,0.0017587055926837848,0.0,0.0004478280340349306,0.0010231923601637107,0.004484304932735426,0.004547751389590703,0.0
SI,0.001885369532428356,0.0,0.0023014959723820483,0.0012145748987854252,0.0,0.0,0.0,0.0024621878297572987,0.0,0.0008956560680698612,0.00034106412005457026,0.0,0.0012632642748863063,0.0
SK,0.012066365007541479,0.0,0.005753739930955121,0.014574898785425101,0.0,0.0009799118079372856,0.01680672268907563,0.005979599015124868,0.0,0.003134796238244514,0.0030695770804911324,0.0,0.0007579585649317837,0.0
SL,0.0030165912518853697,0.0,0.0011507479861910242,0.0012145748987854252,0.0,0.0014698677119059284,0.0,0.008441786844882167,0.004672897196261682,0.0026869682042095834,0.0047748976807639835,0.004484304932735426,0.003284487114704396,0.009174311926605505
SM,0.0003770739064856712,0.0,0.0,0.0012145748987854252,0.0,0.0,0.0,0.0007034822370735139,0.0,0.0017913121361397223,0.00034106412005457026,0.002242152466367713,0.001010611419909045,0.0
SN,0.003770739064856712,0.0,0.0023014959723820483,0.0016194331983805667,0.013422818791946308,0.0019598236158745713,0.0,0.001055223355610271,0.0,0.0026869682042095834,0.0034106412005457027,0.0,0.0007579585649317837,0.0
SP,0.0030165912518853697,0.020202020202020204,0.00805523590333717,0.004453441295546558,0.040268456375838924,0.015188633023027927,0.008403361344537815,0.0007034822370735139,0.0,0.0017913121361397223,0.0030695770804911324,0.0,0.00404244567963618,0.0
SQ,0.0003770739064856712,0.0,0.0011507479861910242,0.0016194331983805667,0.0,0.0009799118079372856,0.0,0.002110446711220542,0.0,0.0035826242722794446,0.004092769440654843,0.004484304932735426,0.0022738756947953513,0.0045871559633027525
SR,0.023001508295625944,0.0707070707070707,0.04372842347525892,0.058704453441295545,0.06040268456375839,0.03282704556589907,0.04201680672268908,0.0035174111853675696,0.009345794392523364,0.003134796238244514,0.005115961800818554,0.008968609865470852,0.0015159171298635675,0.0
SS,0.016968325791855202,0.0,0.02186421173762946,0.019838056680161944,0.040268456375838924,0.005879470847623714,0.0,0.0024621878297572987,0.004672897196261682,0.0035826242722794446,0.003751705320600273,0.0,0.0015159171298635675,0.0
ST,0.0030165912518853697,0.0,0.0011507479861910242,0.004048582995951417,0.0,0.0,0.0,0.001055223355610271,0.0,0.0022391401701746527,0.001364256480218281,0.0,0.001010611419909045,0.0
SV,0.001885369532428356,0.0,0.0023014959723820483,0.0016194331983805667,0.0,0.0009799118079372856,0.0,0.00035174111853675694,0.004672897196261682,0.0026869682042095834,0.0023874488403819918,0.0,0.00202122283981809,0.0045871559633027525
SW,0.0011312217194570137,0.0,0.0,0.0004048582995951417,0.0,0.0,0.0,0.0,0.0,0.0004478280340349306,0.00034106412005457026,0.0,0.0,0.0
SY,0.0030165912518853697,0.030303030303030304,0.004602991944764097,0.0008097165991902834,0.0,0.002939735423811857,0.0,0.0007034822370735139,0.0,0.0013434841021047917,0.0010231923601637107,0.002242152466367713,0.0015159171298635675,0.0
TA,0.0015082956259426848,0.010101010101010102,0.0,0.004048582995951417,0.0,0.0004899559039686428,0.0,0.001055223355610271,0.0,0.0017913121361397223,0.001364256480218281,0.0,0.0027791814047498737,0.009174311926605505
TC,0.0,0.0,0.0,0.0004048582995951417,0.0,0.0,0.0,0.0007034822370735139,0.0,0.0004478280340349306,0.0006821282401091405,0.0,0.0015159171298635675,0.0
TD,0.0007541478129713424,0.0,0.0011507479861910242,0.0016194331983805667,0.006711409395973154,0.0009799118079372856,0.0,0.0028139289482940555,0.0,0.0026869682042095834,0.0017053206002728514,0.008968609865470852,0.0007579585649317837,0.0045871559633027525
TE,0.004147812971342383,0.0,0.0,0.0024291497975708503,0.0,0.0019598236158745713,0.008403361344537815,0.0028139289482940555,0.004672897196261682,0.004030452306314375,0.0023874488403819918,0.002242152466367713,0.005053057099545225,0.009174311926605505
TF,0.0007541478129713424,0.0,0.0011507479861910242,0.0,0.0,0.0,0.0,0.001055223355610271,0.0,0.0004478280340349306,0.0,0.002242152466367713,0.0005053057099545225,0.0
TG,0.0003770739064856712,0.0,0.0,0.0012145748987854252,0.0,0.0019598236158745713,0.0,0.0017587055926837848,0.0,0.004030452306314375,0.0023874488403819918,0.0,0.005811015664477008,0.0045871559633027525
TH,0.0030165912518853697,0.0,0.0,0.0016194331983805667,0.0,0.0,0.0,0.0007034822370735139,0.0,0.0008956560680698612,0.0006821282401091405,0.0,0.0005053057099545225,0.0
TI,0.0011312217194570137,0.0,0.0011507479861910242,0.0012145748987854252,0.0,0.0,0.0,0.0014069644741470278,0.0,0.0026869682042095834,0.0010231923601637107,0.0,0.00025265285497726126,0.0
TK,0.0026395173453996985,0.0,0.0,0.002834008097165992,0.0,0.0014698677119059284,0.008403361344537815,0.005979599015124868,0.009345794392523364,0.00761307657859382,0.003751705320600273,0.006726457399103139,0.0022738756947953513,0.0045871559633027525
TL,0.0026395173453996985,0.0,0.005753739930955121,0.0008097165991902834,0.0,0.0009799118079372856,0.0,0.0045726345409778405,0.0,0.0035826242722794446,0.0010231923601637107,0.004484304932735426,0.0022738756947953513,0.0
TM,0.0007541478129713424,0.0,0.0,0.0008097165991902834,0.0,0.0004899559039686428,0.0,0.00035174111853675694,0.0,0.0004478280340349306,0.0006821282401091405,0.002242152466367713,0.0005053057099545225,0.0
TN,0.0011312217194570137,0.0,0.0,0.0024291497975708503,0.0,0.0004899559039686428,0.0,0.00035174111853675694,0.004672897196261682,0.00806090461262875,0.0023874488403819918,0.0,0.0007579585649317837,0.0045871559633027525
TP,0.0015082956259426848,0.0,0.0023014959723820483,0.0020242914979757085,0.0,0.0,0.0,0.0007034822370735139,0.0,0.0004478280340349306,0.001364256480218281,0.0,0.001010611419909045,0.0045871559633027525
TQ,0.0007541478129713424,0.0,0.0,0.0016194331983805667,0.0,0.0,0.0,0.002110446711220542,0.0,0.0022391401701746527,0.0020463847203274215,0.002242152466367713,0.0055583628094997475,0.0
TR,0.003393665158371041,0.0,0.004602991944764097,0.0008097165991902834,0.0,0.004409603135717786,0.008403361344537815,0.0038691523039043265,0.0,0.0008956560680698612,0.004092769440654843,0.002242152466367713,0.0025265285497726125,0.0
TS,0.003393665158371041,0.0,0.0023014959723820483,0.0032388663967611335,0.0,0.0019598236158745713,0.0,0.0028139289482940555,0.009345794392523364,0.0026869682042095834,0.0017053206002728514,0.0,0.0007579585649317837,0.0
TT,0.0007541478129713424,0.0,0.0,0.005668016194331984,0.0,0.0004899559039686428,0.0,0.0017587055926837848,0.0,0.0008956560680698612,0.0010231923601637107,0.0,0.0,0.0
TV,0.0011312217194570137,0.0,0.0,0.0036437246963562753,0.0,0.0,0.0,0.00035174111853675694,0.004672897196261682,0.0008956560680698612,0.00034106412005457026,0.0,0.0007579585649317837,0.0
TW,0.0,0.0,0.0,0.0,0.0,0.0,0.0,0.0,0.0,0.0,0.00034106412005457026,0.0,0.0017685699848408287,0.0
TY,0.0007541478129713424,0.0,0.0,0.0008097165991902834,0.0,0.0,0.0,0.0007034822370735139,0.0,0.0008956560680698612,0.0010231923601637107,0.0,0.0005053057099545225,0.0
VA,0.0007541478129713424,0.0,0.0,0.0004048582995951417,0.0,0.0009799118079372856,0.008403361344537815,0.0031656700668308124,0.0,0.0017913121361397223,0.0023874488403819918,0.006726457399103139,0.0037897928246589186,0.0
VC,0.0011312217194570137,0.0,0.0,0.0,0.0,0.0,0.0,0.010903974674639466,0.009345794392523364,0.011195700850873265,0.010914051841746248,0.006726457399103139,0.0055583628094997475,0.013761467889908258
VD,0.0003770739064856712,0.0,0.0023014959723820483,0.0036437246963562753,0.0,0.0004899559039686428,0.0,0.004220893422441084,0.009345794392523364,0.005821764442454098,0.004433833560709414,0.008968609865470852,0.006568974229408792,0.0045871559633027525
VE,0.004147812971342383,0.0,0.0011507479861910242,0.0024291497975708503,0.006711409395973154,0.0019598236158745713,0.0,0.0024621878297572987,0.004672897196261682,0.005373936408419167,0.008185538881309686,0.0,0.007579585649317837,0.0045871559633027525
VF,0.0007541478129713424,0.0,0.0,0.0,0.0,0.0,0.0,0.00035174111853675694,0.0,0.0,0.00034106412005457026,0.002242152466367713,0.00025265285497726126,0.0
VG,0.0003770739064856712,0.0,0.0011507479861910242,0.0004048582995951417,0.0,0.0014698677119059284,0.0,0.0014069644741470278,0.014018691588785047,0.0008956560680698612,0.006480218281036835,0.004484304932735426,0.00202122283981809,0.0
VH,0.0007541478129713424,0.0,0.0,0.0004048582995951417,0.0,0.0019598236158745713,0.0,0.0,0.009345794392523364,0.0022391401701746527,0.0017053206002728514,0.0,0.0017685699848408287,0.0
VI,0.0003770739064856712,0.0,0.0,0.0008097165991902834,0.0,0.0014698677119059284,0.0,0.0,0.004672897196261682,0.0008956560680698612,0.00034106412005457026,0.002242152466367713,0.0007579585649317837,0.0
VK,0.0030165912518853697,0.0,0.0,0.0020242914979757085,0.013422818791946308,0.0,0.0,0.0031656700668308124,0.0,0.0035826242722794446,0.0020463847203274215,0.0,0.0012632642748863063,0.0
VL,0.0011312217194570137,0.0,0.0,0.0016194331983805667,0.0,0.0009799118079372856,0.0,0.0014069644741470278,0.0,0.003134796238244514,0.003751705320600273,0.004484304932735426,0.004547751389590703,0.0
VM,0.0003770739064856712,0.0,0.0,0.0004048582995951417,0.0,0.0004899559039686428,0.0,0.0,0.0,0.0,0.0006821282401091405,0.0,0.00202122283981809,0.0
VN,0.0026395173453996985,0.0,0.0,0.0020242914979757085,0.0,0.0009799118079372856,0.0,0.0038691523039043265,0.009345794392523364,0.0017913121361397223,0.002728512960436562,0.002242152466367713,0.005305709954522486,0.009174311926605505
VP,0.0007541478129713424,0.0,0.0,0.0008097165991902834,0.0,0.0004899559039686428,0.0,0.00035174111853675694,0.0,0.0008956560680698612,0.00034106412005457026,0.0,0.0055583628094997475,0.0
VQ,0.0003770739064856712,0.0,0.0,0.0016194331983805667,0.0,0.0004899559039686428,0.0,0.0028139289482940555,0.0,0.0035826242722794446,0.0006821282401091405,0.006726457399103139,0.0017685699848408287,0.0
VR,0.0011312217194570137,0.0,0.0011507479861910242,0.0032388663967611335,0.0,0.007349338559529643,0.0,0.0014069644741470278,0.004672897196261682,0.0022391401701746527,0.001364256480218281,0.0,0.010611419909044972,0.0
VS,0.0003770739064856712,0.0,0.0011507479861910242,0.0020242914979757085,0.0,0.0009799118079372856,0.0,0.0017587055926837848,0.0,0.0022391401701746527,0.0023874488403819918,0.002242152466367713,0.0022738756947953513,0.0
VT,0.0007541478129713424,0.0,0.0,0.0004048582995951417,0.0,0.0019598236158745713,0.0,0.0038691523039043265,0.0,0.0035826242722794446,0.0006821282401091405,0.0,0.00404244567963618,0.0045871559633027525
VV,0.0,0.0,0.0,0.0024291497975708503,0.0,0.0004899559039686428,0.0,0.0007034822370735139,0.0,0.0022391401701746527,0.00034106412005457026,0.004484304932735426,0.00202122283981809,0.0
VW,0.0003770739064856712,0.0,0.0,0.0,0.0,0.0,0.0,0.0,0.0,0.0,0.0,0.0,0.0,0.0
VY,0.0,0.0,0.0,0.0,0.0,0.0004899559039686428,0.0,0.0,0.0,0.0004478280340349306,0.0006821282401091405,0.0,0.0,0.0
WA,0.0011312217194570137,0.0,0.0,0.0,0.0,0.0,0.0,0.0007034822370735139,0.0,0.0,0.0,0.0,0.0,0.0
WC,0.0003770739064856712,0.0,0.0,0.0,0.0,0.0,0.0,0.0,0.0,0.0004478280340349306,0.00034106412005457026,0.0,0.0,0.0
WD,0.0003770739064856712,0.0,0.0034522439585730723,0.0004048582995951417,0.0,0.0004899559039686428,0.0,0.00035174111853675694,0.0,0.0026869682042095834,0.0020463847203274215,0.002242152466367713,0.004295098534613441,0.0
WE,0.0,0.0,0.0,0.0004048582995951417,0.0,0.0009799118079372856,0.0,0.00035174111853675694,0.0,0.0,0.0006821282401091405,0.0,0.00025265285497726126,0.0045871559633027525
WF,0.0003770739064856712,0.0,0.0,0.0,0.0,0.0,0.0,0.0007034822370735139,0.0,0.0,0.0,0.0,0.0,0.0
WG,0.0011312217194570137,0.0,0.0011507479861910242,0.0,0.0,0.0,0.0,0.0,0.0,0.0,0.0,0.0,0.0,0.0
WH,0.0,0.0,0.0,0.0,0.0,0.0004899559039686428,0.0,0.0,0.0,0.0,0.0,0.0,0.0,0.0
WI,0.0,0.0,0.0011507479861910242,0.0,0.0,0.0,0.0,0.0007034822370735139,0.0,0.0,0.0,0.0,0.0,0.0
WK,0.0003770739064856712,0.0,0.0011507479861910242,0.0,0.0,0.0009799118079372856,0.0,0.0007034822370735139,0.0,0.0,0.0,0.0,0.0,0.0
WL,0.0003770739064856712,0.0,0.0,0.0,0.0,0.0004899559039686428,0.0,0.00035174111853675694,0.0,0.0004478280340349306,0.0,0.0,0.0,0.0
WM,0.0,0.0,0.0,0.0,0.0,0.0,0.0,0.00035174111853675694,0.0,0.0004478280340349306,0.0,0.0,0.0,0.0
WN,0.0,0.0,0.0023014959723820483,0.0,0.0,0.0034296913277804997,0.0,0.0,0.0,0.0,0.00034106412005457026,0.0,0.0,0.0
WP,0.0,0.0,0.0,0.0,0.0,0.0,0.0,0.0,0.004672897196261682,0.0,0.0,0.0,0.0,0.0
WQ,0.0003770739064856712,0.0,0.0,0.0,0.0,0.0,0.0,0.0,0.0,0.0,0.0,0.0,0.0,0.0
WR,0.0011312217194570137,0.0,0.0011507479861910242,0.0,0.0,0.0034296913277804997,0.0,0.0,0.0,0.0,0.0,0.0,0.0,0.0
WS,0.0007541478129713424,0.0,0.0,0.0,0.0,0.0014698677119059284,0.0,0.0,0.0,0.0,0.001364256480218281,0.0,0.0,0.0
WT,0.0,0.0,0.0,0.0,0.0,0.0,0.0,0.0,0.0,0.0,0.0,0.0,0.0,0.0
WV,0.0003770739064856712,0.0,0.0,0.0,0.0,0.0,0.0,0.0,0.0,0.0,0.0,0.0,0.0,0.0
WW,0.0,0.0,0.0,0.0,0.0,0.0,0.0,0.0,0.0,0.0,0.0,0.002242152466367713,0.0,0.0
WY,0.0,0.0,0.0,0.0,0.0,0.0,0.0,0.00035174111853675694,0.0,0.0,0.0,0.002242152466367713,0.0,0.0
YA,0.001885369532428356,0.0,0.0034522439585730723,0.0008097165991902834,0.0,0.0,0.0,0.00035174111853675694,0.004672897196261682,0.0004478280340349306,0.0034106412005457027,0.0,0.0005053057099545225,0.0045871559633027525
YC,0.0007541478129713424,0.0,0.0,0.0,0.0,0.0004899559039686428,0.0,0.0014069644741470278,0.0,0.0008956560680698612,0.0,0.0,0.001010611419909045,0.0
YD,0.0030165912518853697,0.010101010101010102,0.012658227848101266,0.0004048582995951417,0.0,0.0014698677119059284,0.0,0.0,0.0,0.0026869682042095834,0.00034106412005457026,0.002242152466367713,0.0,0.0
YE,0.001885369532428356,0.0,0.0023014959723820483,0.0012145748987854252,0.0,0.002449779519843214,0.0,0.0035174111853675696,0.0,0.0044782803403493054,0.005115961800818554,0.002242152466367713,0.00025265285497726126,0.0045871559633027525
YF,0.0011312217194570137,0.0,0.0,0.0004048582995951417,0.0,0.0004899559039686428,0.0,0.00035174111853675694,0.0,0.0,0.00034106412005457026,0.002242152466367713,0.001010611419909045,0.0045871559633027525
YG,0.0015082956259426848,0.010101010101010102,0.0023014959723820483,0.0004048582995951417,0.0,0.0019598236158745713,0.0,0.00035174111853675694,0.0,0.0004478280340349306,0.00034106412005457026,0.0,0.00404244567963618,0.0
YH,0.0015082956259426848,0.010101010101010102,0.004602991944764097,0.0004048582995951417,0.0,0.0014698677119059284,0.0,0.0,0.0,0.0,0.0,0.0,0.0,0.0
YI,0.0003770739064856712,0.0,0.0011507479861910242,0.0008097165991902834,0.0,0.0009799118079372856,0.0,0.0007034822370735139,0.0,0.0008956560680698612,0.0006821282401091405,0.004484304932735426,0.0,0.0
YK,0.0015082956259426848,0.010101010101010102,0.0023014959723820483,0.0016194331983805667,0.0,0.004899559039686428,0.0,0.0024621878297572987,0.0,0.003134796238244514,0.0,0.0,0.0017685699848408287,0.0
YL,0.001885369532428356,0.0,0.0,0.0008097165991902834,0.0,0.0004899559039686428,0.0,0.005979599015124868,0.004672897196261682,0.006269592476489028,0.0047748976807639835,0.0,0.0005053057099545225,0.0
YM,0.0007541478129713424,0.0,0.0,0.0,0.0,0.0,0.0,0.0014069644741470278,0.0,0.0004478280340349306,0.0,0.0,0.0035371399696816574,0.0
YN,0.0011312217194570137,0.0,0.0034522439585730723,0.0004048582995951417,0.0,0.0009799118079372856,0.008403361344537815,0.00035174111853675694,0.0,0.0008956560680698612,0.0010231923601637107,0.004484304932735426,0.0,0.0
YP,0.0007541478129713424,0.0,0.0011507479861910242,0.0,0.006711409395973154,0.0,0.0,0.0,0.0,0.0008956560680698612,0.0,0.0,0.0,0.0045871559633027525
YQ,0.0015082956259426848,0.0,0.0023014959723820483,0.0,0.0,0.0004899559039686428,0.0,0.0031656700668308124,0.004672897196261682,0.00761307657859382,0.0010231923601637107,0.002242152466367713,0.00025265285497726126,0.0
YR,0.008672699849170438,0.0,0.01611047180667434,0.0016194331983805667,0.0,0.012738853503184714,0.0,0.00035174111853675694,0.0,0.0022391401701746527,0.001364256480218281,0.0,0.0012632642748863063,0.0045871559633027525
YS,0.0030165912518853697,0.010101010101010102,0.011507479861910242,0.0004048582995951417,0.0,0.0014698677119059284,0.0,0.0014069644741470278,0.0,0.0017913121361397223,0.001364256480218281,0.0,0.00025265285497726126,0.0045871559633027525
YT,0.0011312217194570137,0.0,0.0011507479861910242,0.0,0.0,0.0004899559039686428,0.008403361344537815,0.0017587055926837848,0.0,0.0017913121361397223,0.00034106412005457026,0.0,0.0,0.0
YV,0.0,0.0,0.0,0.0008097165991902834,0.0,0.0,0.0,0.00035174111853675694,0.0,0.0017913121361397223,0.0,0.0,0.0025265285497726125,0.0
YW,0.0,0.0,0.0,0.0,0.0,0.0004899559039686428,0.0,0.0,0.0,0.0,0.0,0.0,0.0,0.0
YY,0.0026395173453996985,0.0,0.0023014959723820483,0.0004048582995951417,0.0,0.0009799118079372856,0.0,0.004220893422441084,0.0,0.0,0.001364256480218281,0.002242152466367713,0.0007579585649317837,0.0
